<?xml version="1.0" encoding="UTF-8"?>
<!DOCTYPE hibernate-mapping
        SYSTEM
        "http://www.hibernate.org/dtd/hibernate-mapping-3.0.dtd" >
        <hibernate-mapping>
        <class name="com.StudentInfo.Student" table="Student">
           
            
        
        <id name="rollno" column="rollno">
       <generator class="increment"/>
        </id>
        <property name="name" length="20"></property>
        <property name="marks" ></property>
        </class>   
        
        </hibernate-mapping>